{
  "inputs": [
    [
      0.0,
      0.0
    ],
    [
      1.0,
      1.0
    ]
  ],
  "predictions": [
    0.0,
    1.0
  ],
  "parameters": {
    "weights": [
      [
        -8.568521405415623,
        5.594608057638938,
        5.594927357949797
      ]
    ],
    "biases": []
  }
}