{
  "inputs": [
    [
      0.0,
      0.0
    ],
    [
      0.0,
      1.0
    ],
    [
      1.0,
      0.0
    ],
    [
      1.0,
      1.0
    ]
  ],
  "predictions": [
    0.0,
    0.0,
    0.0,
    1.0
  ],
  "parameters": {
    "weights": [
      [
        -8.425689537512769,
        5.486895886137469,
        5.487540095955028
      ]
    ],
    "biases": []
  }
}