{
  "inputs": [
    [
      0.0,
      0.0
    ],
    [
      0.0,
      1.0
    ],
    [
      1.0,
      0.0
    ],
    [
      1.0,
      1.0
    ]
  ],
  "predictions": [
    0.0,
    1.0
  ],
  "parameters": {
    "weights": [
      [
        -8.567859603491764,
        5.594312848455188,
        5.594879672885413
      ]
    ],
    "biases": []
  }
}