{
  "inputs": [
    [
      0.0,
      0.0
    ],
    [
      0.0,
      1.0
    ],
    [
      1.0,
      0.0
    ],
    [
      1.0,
      1.0
    ]
  ],
  "predictions": [
    0.0,
    0.0,
    0.0,
    1.0
  ],
  "parameters": {
    "weights": [
      [
        -7.4591703227991335,
        4.769720998504352,
        4.769826636367717
      ]
    ],
    "biases": []
  }
}