{
  "inputs": [
    [
      1.0,
      1.0
    ],
    [
      2.0,
      1.0
    ],
    [
      3.0,
      2.0
    ],
    [
      4.0,
      2.0
    ],
    [
      5.0,
      3.0
    ],
    [
      1.0,
      1.0
    ],
    [
      2.0,
      1.0
    ],
    [
      3.0,
      2.0
    ],
    [
      4.0,
      2.0
    ],
    [
      5.0,
      3.0
    ]
  ],
  "predictions": [
    6.000117456785847,
    8.021988959987612,
    13.000369321886538,
    15.022240825088302,
    20.000621186987228,
    6.000117456785847,
    8.021988959987612,
    13.000369321886538,
    15.022240825088302,
    20.000621186987228
  ],
  "parameters": {
    "weights": [
      [
        1.02173709488692,
        2.0218715032017642,
        2.9565088586971626
      ]
    ],
    "biases": []
  }
}