{
  "inputs": [
    [
      6.0,
      1.0,
      2.0,
      3.0
    ]
  ],
  "predictions": [
    32.07130701749821
  ],
  "parameters": {
    "weights": [
      [
        4.734005586494536,
        3.018082864924195,
        -1.9347980178781072,
        4.052803379605697,
        1.019331833375073
      ]
    ],
    "biases": []
  }
}