{
  "inputs": [
    [
      1.0
    ],
    [
      2.0
    ],
    [
      3.0
    ],
    [
      4.0
    ]
  ],
  "predictions": [
    2.9998587783967015,
    4.999930486775579,
    7.0000021951544555,
    9.000073903533332
  ],
  "parameters": {
    "weights": [
      [
        0.9997870700178246,
        2.000071708378877
      ]
    ],
    "biases": []
  }
}