{
  "inputs": [
    [
      1.0,
      0.0
    ],
    [
      0.0,
      1.0
    ],
    [
      1.0,
      1.0
    ],
    [
      0.5,
      0.5
    ]
  ],
  "predictions": [
    0.0,
    1.0,
    2.0,
    1.0
  ],
  "parameters": {
    "weights": [
      [
        -0.39834315770701934,
        3.1677613506834414,
        -5.81212669475533
      ],
      [
        4.677798833911922,
        -6.207653923735811,
        1.0853588152825464
      ],
      [
        -5.096598828443695,
        3.0604549104636862,
        4.969001988307951
      ]
    ],
    "biases": []
  }
}