{
  "inputs": [
    [
      0.0,
      0.0
    ],
    [
      0.0,
      1.0
    ],
    [
      1.0,
      0.0
    ],
    [
      1.0,
      1.0
    ]
  ],
  "predictions": [
    0.017588824987756237,
    0.979803079023502,
    0.9835522267747803,
    0.015748933091325246
  ],
  "parameters": {
    "weights": [
      [
        2.8367253029107204,
        5.950809197716824,
        -5.692625132779219
      ],
      [
        -3.408698037208156,
        6.220897920408341,
        -6.225138453055062
      ],
      [
        4.382488955090877,
        -9.218707096311473,
        9.461988371053161
      ]
    ],
    "biases": []
  }
}